id,person_id,group,note
2,2,other,
3,3,asian,
5,5,caucasian,
6,6,caucasian,
10,10,caucasian,
24,24,other,
28,28,caucasian,
33,33,caucasian,
34,34,asian,
87,87,caucasian,
89,89,asian,
97,97,afro_american,
98,98,caucasian,
99,99,caucasian,
102,102,caucasian,
103,103,caucasian,
104,104,afro_american,
110,110,asian,
114,114,caucasian,
117,117,afro_american,
120,120,caucasian,
121,121,caucasian,
122,122,caucasian,
123,123,caucasian,
124,124,caucasian,
126,126,asian,
127,127,caucasian,
128,128,other,
130,130,caucasian,
132,132,caucasian,
133,133,caucasian,
135,135,caucasian,
137,137,caucasian,
138,138,caucasian,
139,139,caucasian,
140,140,caucasian,
141,141,other,
142,142,caucasian,
143,143,other,
144,144,caucasian,
145,145,asian,
146,146,caucasian,
148,148,asian,
149,149,caucasian,
150,150,caucasian,
153,153,caucasian,
154,154,afro_american,
156,156,caucasian,
162,162,afro_american,
164,164,caucasian,
165,165,caucasian,
173,173,caucasian,
178,178,caucasian,
179,179,caucasian,
190,190,caucasian,
191,191,caucasian,
192,192,caucasian,
194,194,caucasian,
198,198,caucasian,
200,200,other,
202,202,asian,
207,207,caucasian,
208,208,other,
209,209,caucasian,
210,210,other,
211,211,caucasian,
212,212,afro_american,
213,213,caucasian,
214,214,other,
218,218,caucasian,
220,220,caucasian,
221,221,other,
222,222,caucasian,
224,224,asian,
225,225,caucasian,
226,226,caucasian,
227,227,caucasian,
228,228,caucasian,
229,229,caucasian,
232,232,caucasian,
233,233,caucasian,
234,234,caucasian,
236,236,caucasian,
237,237,afro_american,
238,238,asian,
239,239,asian,
240,240,caucasian,
241,241,caucasian,
243,243,caucasian,
245,245,caucasian,
247,247,asian,
249,249,caucasian,
251,251,other,
252,252,caucasian,
258,258,other,
266,266,caucasian,
267,267,caucasian,
268,268,other,
269,269,caucasian,
273,273,caucasian,
274,274,caucasian,
285,285,caucasian,
288,288,caucasian,
289,289,caucasian,
295,295,other,
296,296,caucasian,
299,299,other,
300,300,caucasian,
303,303,caucasian,
304,304,caucasian,
305,305,caucasian,
307,307,caucasian,
309,309,caucasian,
310,310,other,
311,311,caucasian,
312,312,caucasian,
317,317,caucasian,
319,319,caucasian,
322,322,caucasian,
324,324,other,
325,325,caucasian,
326,326,caucasian,
330,330,caucasian,
331,331,caucasian,
332,332,asian,
339,339,caucasian,
342,342,caucasian,
343,343,caucasian,
351,351,caucasian,
354,354,caucasian,
355,355,caucasian,
356,356,caucasian,
357,357,caucasian,
358,358,caucasian,
359,359,caucasian,
363,363,caucasian,
376,376,asian,
377,377,caucasian,
382,382,caucasian,
383,383,caucasian,
459,459,caucasian,
460,460,caucasian,
463,463,caucasian,
465,465,afro_american,
466,466,caucasian,
467,467,caucasian,
469,469,caucasian,
471,471,caucasian,
472,472,caucasian,
473,473,caucasian,
475,475,caucasian,
477,477,caucasian,
480,480,caucasian,
481,481,caucasian,
487,487,caucasian,
488,488,other,
491,491,asian,
492,492,caucasian,
493,493,caucasian,
494,494,caucasian,
495,495,caucasian,
496,496,afro_american,
499,499,asian,
500,500,caucasian,
501,501,caucasian,
503,503,caucasian,
505,505,caucasian,
507,507,caucasian,
509,509,caucasian,
510,510,caucasian,
511,511,afro_american,
512,512,caucasian,
513,513,other,
514,514,caucasian,
518,518,caucasian,
519,519,afro_american,
520,520,caucasian,
521,521,caucasian,
522,522,caucasian,
525,525,caucasian,
531,531,caucasian,
533,533,caucasian,
534,534,caucasian,
535,535,caucasian,
539,539,caucasian,
540,540,caucasian,
542,542,caucasian,
544,544,caucasian,
545,545,caucasian,
546,546,caucasian,
547,547,caucasian,
548,548,other,
549,549,caucasian,
550,550,caucasian,
553,553,caucasian,
554,554,asian,
555,555,caucasian,
560,560,caucasian,
562,562,afro_american,
563,563,caucasian,
565,565,caucasian,
566,566,caucasian,
569,569,caucasian,
572,572,caucasian,
574,574,afro_american,
575,575,caucasian,
578,578,caucasian,
580,580,caucasian,
581,581,caucasian,
584,584,caucasian,
585,585,caucasian,
588,588,caucasian,
590,590,caucasian,
595,595,caucasian,
597,597,asian,
599,599,caucasian,
600,600,caucasian,
601,601,caucasian,
602,602,caucasian,
605,605,caucasian,
606,606,caucasian,
607,607,caucasian,
610,610,caucasian,
611,611,asian,
613,613,afro_american,
616,616,caucasian,
617,617,caucasian,
618,618,caucasian,
619,619,caucasian,
621,621,afro_american,
622,622,afro_american,
623,623,caucasian,
624,624,caucasian,
626,626,caucasian,
627,627,caucasian,
632,632,afro_american,
633,633,asian,
634,634,asian,
636,636,caucasian,
638,638,other,
641,641,caucasian,
642,642,caucasian,
643,643,caucasian,
644,644,caucasian,
645,645,caucasian,
646,646,caucasian,
649,649,caucasian,
650,650,afro_american,
653,653,caucasian,
654,654,caucasian,
658,658,caucasian,
661,661,caucasian,
663,663,caucasian,
666,666,caucasian,
667,667,other,
668,668,afro_american,
669,669,caucasian,
670,670,caucasian,
672,672,caucasian,
675,675,caucasian,
676,676,caucasian,
677,677,caucasian,
678,678,caucasian,
679,679,caucasian,
680,680,caucasian,
682,682,caucasian,
683,683,other,
686,686,caucasian,
687,687,caucasian,
688,688,afro_american,
690,690,caucasian,
691,691,caucasian,
693,693,caucasian,
694,694,caucasian,
695,695,caucasian,
696,696,other,
699,699,caucasian,
700,700,caucasian,
704,704,caucasian,
706,706,caucasian,
707,707,caucasian,
710,710,caucasian,
711,711,caucasian,
712,712,caucasian,
714,714,caucasian,
716,716,caucasian,
718,718,caucasian,
719,719,caucasian,
721,721,caucasian,
722,722,other,
728,728,caucasian,
729,729,afro_american,
730,730,caucasian,
731,731,afro_american,
732,732,afro_american,
733,733,afro_american,
737,737,caucasian,
740,740,caucasian,
741,741,caucasian,
742,742,caucasian,
743,743,caucasian,
745,745,caucasian,
746,746,caucasian,
747,747,caucasian,
748,748,caucasian,
749,749,caucasian,
750,750,caucasian,
752,752,caucasian,
753,753,caucasian,
755,755,caucasian,
756,756,caucasian,
757,757,caucasian,
764,764,afro_american,
765,765,caucasian,
767,767,caucasian,
771,771,caucasian,
772,772,caucasian,
773,773,caucasian,
774,774,caucasian,
775,775,caucasian,
776,776,caucasian,
777,777,caucasian,
779,779,caucasian,
789,789,asian,
790,790,caucasian,
791,791,afro_american,
795,795,caucasian,
796,796,afro_american,
798,798,caucasian,
801,801,asian,
802,802,caucasian,
803,803,caucasian,
804,804,afro_american,
806,806,caucasian,
807,807,other,
808,808,caucasian,
810,810,caucasian,
811,811,afro_american,
812,812,other,
814,814,caucasian,
818,818,caucasian,
819,819,caucasian,
820,820,caucasian,
821,821,other,
823,823,caucasian,
825,825,asian,
827,827,asian,
828,828,caucasian,
831,831,afro_american,
832,832,caucasian,
833,833,caucasian,
835,835,caucasian,
837,837,caucasian,
840,840,caucasian,
841,841,caucasian,
842,842,asian,
849,849,caucasian,
850,850,asian,
851,851,caucasian,
852,852,caucasian,
853,853,afro_american,
855,855,other,
859,859,caucasian,
861,861,caucasian,
864,864,caucasian,
865,865,afro_american,
868,868,caucasian,
869,869,caucasian,
872,872,caucasian,
873,873,caucasian,
874,874,caucasian,
875,875,caucasian,
876,876,caucasian,
878,878,caucasian,
880,880,asian,
881,881,caucasian,
882,882,caucasian,
886,886,caucasian,
888,888,caucasian,
889,889,afro_american,
890,890,other,
891,891,caucasian,
892,892,caucasian,
894,894,caucasian,
896,896,asian,
897,897,caucasian,
898,898,afro_american,
899,899,caucasian,
900,900,caucasian,
904,904,caucasian,
905,905,other,
907,907,caucasian,
911,911,asian,
912,912,caucasian,
914,914,caucasian,
915,915,caucasian,
921,921,other,
923,923,caucasian,
924,924,caucasian,
926,926,caucasian,
927,927,caucasian,
930,930,caucasian,
931,931,caucasian,
932,932,caucasian,
933,933,caucasian,
934,934,caucasian,
935,935,asian,
938,938,asian,
939,939,caucasian,
944,944,caucasian,
945,945,other,
947,947,asian,
948,948,caucasian,
949,949,caucasian,
953,953,caucasian,
955,955,caucasian,
956,956,caucasian,
960,960,caucasian,
961,961,caucasian,
963,963,caucasian,
965,965,caucasian,
968,968,other,
969,969,caucasian,
971,971,caucasian,
974,974,caucasian,
976,976,caucasian,
980,980,caucasian,
981,981,caucasian,
982,982,caucasian,
983,983,caucasian,
984,984,afro_american,
986,986,caucasian,
989,989,other,
991,991,caucasian,
992,992,caucasian,
997,997,afro_american,
998,998,afro_american,
999,999,caucasian,
1000,1000,caucasian,
1001,1001,caucasian,
1002,1002,caucasian,
1003,1003,caucasian,
1009,1009,caucasian,
1010,1010,caucasian,
1012,1012,caucasian,
1015,1015,caucasian,
1018,1018,caucasian,
1019,1019,caucasian,
1020,1020,caucasian,
1021,1021,caucasian,
1022,1022,other,
1024,1024,caucasian,
1025,1025,other,
1029,1029,caucasian,
1030,1030,caucasian,
1031,1031,caucasian,
1032,1032,caucasian,
1034,1034,caucasian,
1035,1035,afro_american,
1036,1036,caucasian,
1038,1038,caucasian,
1039,1039,asian,
1041,1041,caucasian,
1042,1042,caucasian,
1044,1044,caucasian,
1045,1045,caucasian,
1046,1046,caucasian,
1050,1050,caucasian,
1051,1051,afro_american,
1052,1052,caucasian,
1054,1054,caucasian,
1055,1055,caucasian,
1056,1056,asian,
1057,1057,caucasian,
1058,1058,caucasian,
1059,1059,caucasian,
1060,1060,caucasian,
1062,1062,asian,
1063,1063,caucasian,
1064,1064,afro_american,
1065,1065,caucasian,
1066,1066,afro_american,
1069,1069,caucasian,
1070,1070,other,
1073,1073,other,
1075,1075,asian,
1076,1076,afro_american,
1077,1077,other,
1080,1080,other,
1081,1081,caucasian,
1082,1082,caucasian,
1083,1083,caucasian,
1084,1084,caucasian,
1085,1085,caucasian,
1086,1086,caucasian,
1087,1087,asian,
1088,1088,caucasian,
1089,1089,afro_american,
1090,1090,afro_american,
1091,1091,other,
1092,1092,afro_american,
1093,1093,caucasian,
1095,1095,caucasian,
1099,1099,other,
1100,1100,caucasian,
1102,1102,caucasian,
1103,1103,caucasian,
1104,1104,caucasian,
1105,1105,caucasian,
1106,1106,caucasian,
1107,1107,caucasian,
1109,1109,caucasian,
1110,1110,caucasian,
1118,1118,caucasian,
1119,1119,caucasian,
1120,1120,other,
1121,1121,asian,
1122,1122,caucasian,
1123,1123,caucasian,
1126,1126,caucasian,
1127,1127,asian,
1128,1128,caucasian,
1129,1129,caucasian,
1134,1134,caucasian,
1135,1135,caucasian,
1138,1138,caucasian,
1139,1139,caucasian,
1143,1143,caucasian,
1145,1145,caucasian,
1146,1146,caucasian,
1147,1147,other,
1148,1148,caucasian,
1149,1149,caucasian,
1151,1151,caucasian,
1152,1152,asian,
1155,1155,caucasian,
1156,1156,caucasian,
1157,1157,caucasian,
1158,1158,caucasian,
1161,1161,caucasian,
1162,1162,afro_american,
1163,1163,caucasian,
1164,1164,caucasian,
1165,1165,caucasian,
1166,1166,caucasian,
1167,1167,caucasian,
1168,1168,caucasian,
1169,1169,caucasian,
1170,1170,caucasian,
1171,1171,caucasian,
1172,1172,caucasian,
1173,1173,caucasian,
1174,1174,other,
1175,1175,caucasian,
1177,1177,afro_american,
1178,1178,afro_american,
1180,1180,caucasian,
1181,1181,asian,
1182,1182,caucasian,
1183,1183,afro_american,
1184,1184,caucasian,
1185,1185,caucasian,
1186,1186,caucasian,
1188,1188,caucasian,
1191,1191,caucasian,
1195,1195,caucasian,
1199,1199,asian,
1200,1200,caucasian,
1201,1201,asian,
1204,1204,caucasian,
1206,1206,asian,
1207,1207,afro_american,
1208,1208,afro_american,
1209,1209,caucasian,
1211,1211,caucasian,
1212,1212,afro_american,
1213,1213,afro_american,
1219,1219,caucasian,
1220,1220,caucasian,
1221,1221,afro_american,
1222,1222,caucasian,
1224,1224,afro_american,
1225,1225,caucasian,
1231,1231,caucasian,
1232,1232,caucasian,
1233,1233,caucasian,
1237,1237,caucasian,
1243,1243,afro_american,
1244,1244,caucasian,
1247,1247,caucasian,
1248,1248,other,
1250,1250,caucasian,
1252,1252,caucasian,
1254,1254,afro_american,
1255,1255,caucasian,
1256,1256,caucasian,
1259,1259,caucasian,
1260,1260,caucasian,
1262,1262,caucasian,
1266,1266,caucasian,
1267,1267,caucasian,
1269,1269,other,
1270,1270,afro_american,
1273,1273,caucasian,
1274,1274,caucasian,
1275,1275,caucasian,
1276,1276,caucasian,
1278,1278,caucasian,
1279,1279,other,
1281,1281,caucasian,
1282,1282,caucasian,
1283,1283,caucasian,
1285,1285,caucasian,
1286,1286,caucasian,
1293,1293,other,
1295,1295,other,
1297,1297,asian,
1298,1298,afro_american,
1300,1300,caucasian,
1301,1301,caucasian,
1303,1303,caucasian,
1304,1304,other,
1315,1315,other,
1316,1316,other,
1319,1319,other,
1320,1320,other,
1323,1323,caucasian,
1326,1326,caucasian,
1327,1327,caucasian,
1328,1328,caucasian,
1329,1329,afro_american,
1330,1330,caucasian,
1331,1331,caucasian,
1333,1333,caucasian,
1340,1340,caucasian,
1347,1347,caucasian,
1348,1348,caucasian,
1349,1349,asian,
1350,1350,asian,
1351,1351,other,
1352,1352,caucasian,
1353,1353,caucasian,
1354,1354,afro_american,
1356,1356,caucasian,
1357,1357,caucasian,
1358,1358,caucasian,
1360,1360,caucasian,
1361,1361,caucasian,
1362,1362,caucasian,
1366,1366,caucasian,
1367,1367,caucasian,
1368,1368,asian,
1370,1370,other,
1372,1372,caucasian,
1373,1373,caucasian,
1375,1375,caucasian,
1376,1376,caucasian,
1377,1377,afro_american,
1379,1379,caucasian,
1380,1380,caucasian,
1382,1382,afro_american,
1383,1383,caucasian,
1384,1384,afro_american,
1386,1386,caucasian,
1387,1387,caucasian,
1388,1388,caucasian,
1389,1389,caucasian,
1390,1390,caucasian,
1391,1391,caucasian,
1392,1392,caucasian,
1393,1393,caucasian,
1396,1396,caucasian,
1400,1400,caucasian,
1404,1404,caucasian,
1405,1405,asian,
1406,1406,other,
1414,1414,caucasian,
1415,1415,caucasian,
1420,1420,caucasian,
1421,1421,caucasian,
1423,1423,caucasian,
1424,1424,caucasian,
1425,1425,caucasian,
1428,1428,afro_american,
1430,1430,caucasian,
1431,1431,caucasian,
1432,1432,caucasian,
1434,1434,other,
1435,1435,caucasian,
1438,1438,caucasian,
1440,1440,caucasian,
1443,1443,caucasian,
1445,1445,caucasian,
1446,1446,caucasian,
1448,1448,caucasian,
1451,1451,caucasian,
1454,1454,other,
1456,1456,caucasian,
1457,1457,asian,
1459,1459,caucasian,
1460,1460,caucasian,
1462,1462,caucasian,
1467,1467,caucasian,
1470,1470,caucasian,
1471,1471,caucasian,
1472,1472,caucasian,
1473,1473,afro_american,
1474,1474,other,
1475,1475,caucasian,
1477,1477,caucasian,
1478,1478,caucasian,
1479,1479,afro_american,
1480,1480,afro_american,
1481,1481,other,
1482,1482,afro_american,
1483,1483,other,
1485,1485,afro_american,
1486,1486,caucasian,
1487,1487,afro_american,
1488,1488,caucasian,
1491,1491,other,
1492,1492,caucasian,
1496,1496,asian,
1497,1497,caucasian,
1499,1499,afro_american,
1506,1506,caucasian,
1508,1508,caucasian,
1509,1509,caucasian,
1510,1510,caucasian,
1511,1511,caucasian,
1514,1514,caucasian,
1515,1515,afro_american,
1516,1516,afro_american,
1517,1517,caucasian,
1519,1519,other,
1523,1523,asian,
1524,1524,afro_american,
1525,1525,afro_american,
1528,1528,caucasian,
1531,1531,caucasian,
1532,1532,caucasian,
1533,1533,caucasian,
1534,1534,caucasian,
1540,1540,caucasian,
1542,1542,other,
1543,1543,caucasian,
1544,1544,caucasian,
1546,1546,caucasian,
1551,1551,caucasian,
1553,1553,afro_american,
1556,1556,afro_american,
1566,1566,caucasian,
1569,1569,other,
1574,1574,caucasian,
1575,1575,caucasian,
1577,1577,caucasian,
1581,1581,caucasian,
1582,1582,caucasian,
1583,1583,caucasian,
1584,1584,caucasian,
1602,1602,caucasian,
1603,1603,caucasian,
1604,1604,caucasian,
1606,1606,caucasian,
1611,1611,caucasian,
1612,1612,caucasian,
1613,1613,caucasian,
1617,1617,caucasian,
1618,1618,caucasian,
1625,1625,caucasian,
1627,1627,asian,
1630,1630,caucasian,
1631,1631,caucasian,
1633,1633,caucasian,
1635,1635,caucasian,
1636,1636,other,
1637,1637,caucasian,
1640,1640,afro_american,
1643,1643,caucasian,
1644,1644,afro_american,
1645,1645,caucasian,
1646,1646,caucasian,
1648,1648,afro_american,
1650,1650,caucasian,
1651,1651,caucasian,
1653,1653,caucasian,
1658,1658,caucasian,
1661,1661,caucasian,
1665,1665,asian,
1669,1669,caucasian,
1671,1671,caucasian,
1672,1672,caucasian,
1674,1674,caucasian,
1676,1676,caucasian,
1678,1678,caucasian,
1680,1680,caucasian,
1681,1681,caucasian,
1682,1682,caucasian,
1684,1684,asian,
1687,1687,caucasian,
1689,1689,caucasian,
1690,1690,caucasian,
1692,1692,asian,
1693,1693,caucasian,
1697,1697,caucasian,
1698,1698,caucasian,
1700,1700,caucasian,
1702,1702,caucasian,
1703,1703,caucasian,
1705,1705,other,
1706,1706,caucasian,
1709,1709,caucasian,
1710,1710,asian,
1713,1713,caucasian,
1717,1717,other,
1718,1718,caucasian,
1719,1719,asian,
1720,1720,asian,
1726,1726,caucasian,
1727,1727,asian,
1728,1728,caucasian,
1729,1729,afro_american,
1730,1730,caucasian,
1731,1731,caucasian,
1734,1734,caucasian,
1738,1738,asian,
1741,1741,asian,
1744,1744,other,
1745,1745,caucasian,
1747,1747,asian,
1748,1748,asian,
1755,1755,caucasian,
1760,1760,caucasian,
1762,1762,caucasian,
1763,1763,caucasian,
1768,1768,other,
1770,1770,caucasian,
1771,1771,caucasian,
1773,1773,asian,
1775,1775,caucasian,
1778,1778,afro_american,
1779,1779,caucasian,
1782,1782,afro_american,
1783,1783,caucasian,
1786,1786,caucasian,
1789,1789,caucasian,
1792,1792,caucasian,
1794,1794,afro_american,
1795,1795,caucasian,
1796,1796,caucasian,
1798,1798,caucasian,
1802,1802,caucasian,
1803,1803,caucasian,
1805,1805,asian,
1806,1806,caucasian,
1809,1809,caucasian,
1812,1812,caucasian,
1813,1813,afro_american,
1816,1816,caucasian,
1817,1817,caucasian,
1818,1818,caucasian,
1819,1819,asian,
1821,1821,other,
1823,1823,asian,
1825,1825,caucasian,
1826,1826,caucasian,
1827,1827,asian,
1828,1828,other,
1830,1830,asian,
1833,1833,caucasian,
1843,1843,caucasian,
1845,1845,caucasian,
1849,1849,caucasian,
1855,1855,caucasian,
1858,1858,caucasian,
1859,1859,caucasian,
1860,1860,caucasian,
1862,1862,asian,
1863,1863,caucasian,
1866,1866,asian,
1867,1867,caucasian,
1868,1868,caucasian,
1869,1869,asian,
1870,1870,caucasian,
1874,1874,afro_american,
1876,1876,caucasian,
1877,1877,caucasian,
1878,1878,caucasian,
1880,1880,other,
1882,1882,caucasian,
1883,1883,caucasian,
1884,1884,asian,
1885,1885,asian,
1887,1887,other,
1888,1888,asian,
1889,1889,caucasian,
1892,1892,caucasian,
1893,1893,caucasian,
1896,1896,caucasian,
1897,1897,caucasian,
1900,1900,caucasian,
1901,1901,caucasian,
1902,1902,caucasian,
1905,1905,caucasian,
1906,1906,caucasian,
1907,1907,afro_american,
1908,1908,caucasian,
1912,1912,caucasian,
1915,1915,caucasian,
1921,1921,afro_american,
1922,1922,caucasian,
1924,1924,caucasian,
1925,1925,caucasian,
1926,1926,caucasian,
1927,1927,caucasian,
1930,1930,caucasian,
1933,1933,caucasian,
1936,1936,caucasian,
1939,1939,caucasian,
1941,1941,caucasian,
1943,1943,caucasian,
1959,1959,other,
1960,1960,caucasian,
1961,1961,caucasian,
1962,1962,afro_american,
1964,1964,other,
1965,1965,caucasian,
1966,1966,caucasian,
1975,1975,caucasian,
1976,1976,caucasian,
1977,1977,asian,
1978,1978,asian,
1979,1979,other,
1983,1983,caucasian,
1984,1984,caucasian,
1985,1985,asian,
1987,1987,caucasian,
1995,1995,caucasian,
1997,1997,asian,
1998,1998,caucasian,
2002,2002,asian,
2006,2006,other,
2009,2009,caucasian,
2011,2011,caucasian,
2015,2015,caucasian,
2019,2019,caucasian,
2020,2020,caucasian,
2022,2022,caucasian,
2023,2023,caucasian,
2024,2024,asian,
2025,2025,caucasian,
2026,2026,asian,
2027,2027,asian,
2028,2028,caucasian,
2029,2029,caucasian,
2032,2032,caucasian,
2033,2033,caucasian,
2034,2034,other,
2035,2035,caucasian,
2038,2038,asian,
2043,2043,asian,
2045,2045,other,
2047,2047,other,
2048,2048,asian,
2051,2051,asian,
2052,2052,caucasian,
2056,2056,caucasian,
2058,2058,caucasian,
2059,2059,caucasian,
2060,2060,other,
2061,2061,caucasian,
2064,2064,afro_american,
2065,2065,caucasian,
2077,2077,asian,
2078,2078,caucasian,
2084,2084,caucasian,
2085,2085,asian,
2086,2086,caucasian,
2087,2087,asian,
2090,2090,asian,
2091,2091,caucasian,
2092,2092,caucasian,
2093,2093,caucasian,
2099,2099,caucasian,
2102,2102,caucasian,
2105,2105,other,
2106,2106,caucasian,
2109,2109,caucasian,
2112,2112,caucasian,
2113,2113,caucasian,
2114,2114,caucasian,
2115,2115,caucasian,
2117,2117,caucasian,
2118,2118,caucasian,
2119,2119,caucasian,
2123,2123,caucasian,
2131,2131,caucasian,
2133,2133,asian,
2136,2136,asian,
2137,2137,caucasian,
2138,2138,caucasian,
2140,2140,caucasian,
2141,2141,caucasian,
2142,2142,afro_american,
2152,2152,afro_american,
2154,2154,caucasian,
2155,2155,caucasian,
2156,2156,caucasian,
2159,2159,caucasian,
2161,2161,other,
2162,2162,caucasian,
2165,2165,asian,
2166,2166,caucasian,
2168,2168,caucasian,
2170,2170,caucasian,
2172,2172,afro_american,
2173,2173,caucasian,
2174,2174,afro_american,
2186,2186,caucasian,
2187,2187,caucasian,
2190,2190,caucasian,
2193,2193,asian,
2194,2194,caucasian,
2197,2197,asian,
2198,2198,caucasian,
2203,2203,caucasian,
2204,2204,caucasian,
2206,2206,asian,
2207,2207,other,
2212,2212,asian,
2213,2213,caucasian,
2216,2216,caucasian,
2217,2217,caucasian,
2219,2219,caucasian,
2220,2220,caucasian,
2223,2223,caucasian,
2229,2229,caucasian,
2230,2230,caucasian,
2232,2232,caucasian,
2234,2234,asian,
2236,2236,caucasian,
2237,2237,caucasian,
2239,2239,caucasian,
2240,2240,caucasian,
2241,2241,caucasian,
2243,2243,caucasian,
2244,2244,afro_american,
2249,2249,caucasian,
2250,2250,caucasian,
2255,2255,caucasian,
2257,2257,caucasian,
2264,2264,other,
2265,2265,afro_american,
2266,2266,asian,
2267,2267,caucasian,
2269,2269,caucasian,
2270,2270,asian,
2272,2272,afro_american,
2275,2275,other,
2277,2277,caucasian,
2278,2278,caucasian,
2279,2279,caucasian,
2281,2281,caucasian,
2282,2282,afro_american,
2292,2292,afro_american,
2293,2293,caucasian,
2297,2297,caucasian,
2298,2298,caucasian,
2300,2300,other,
2301,2301,other,
2311,2311,caucasian,
2314,2314,caucasian,
2319,2319,caucasian,
2321,2321,caucasian,
2322,2322,caucasian,
2324,2324,caucasian,
2326,2326,other,
2327,2327,caucasian,
2328,2328,caucasian,
2332,2332,afro_american,
2334,2334,caucasian,
2337,2337,caucasian,
2339,2339,caucasian,
2342,2342,asian,
2343,2343,caucasian,
2347,2347,caucasian,
2348,2348,caucasian,
2349,2349,caucasian,
2350,2350,caucasian,
2352,2352,asian,
2353,2353,caucasian,
2355,2355,asian,
2358,2358,caucasian,
2359,2359,caucasian,
2361,2361,caucasian,
2362,2362,caucasian,
2364,2364,caucasian,
2365,2365,caucasian,
2366,2366,caucasian,
2367,2367,afro_american,
2368,2368,caucasian,
2370,2370,caucasian,
2371,2371,caucasian,
2373,2373,other,
2375,2375,caucasian,
2379,2379,caucasian,
2394,2394,caucasian,
2412,2412,caucasian,
2413,2413,caucasian,
2414,2414,caucasian,
2415,2415,caucasian,
2416,2416,asian,
2417,2417,caucasian,
2418,2418,asian,
2419,2419,caucasian,
2420,2420,caucasian,
2421,2421,caucasian,
2424,2424,caucasian,
2426,2426,other,
2430,2430,asian,
2431,2431,asian,
2432,2432,caucasian,
2434,2434,caucasian,
2435,2435,caucasian,
2436,2436,asian,
2439,2439,asian,
2440,2440,other,
2441,2441,caucasian,
2442,2442,caucasian,
2443,2443,caucasian,
2445,2445,caucasian,
2447,2447,caucasian,
2448,2448,other,
2450,2450,asian,
2452,2452,caucasian,
2454,2454,asian,
2455,2455,caucasian,
2456,2456,caucasian,
2457,2457,caucasian,
2458,2458,caucasian,
2459,2459,other,
2461,2461,caucasian,
2462,2462,caucasian,
2465,2465,caucasian,
2467,2467,afro_american,
2468,2468,asian,
2469,2469,other,
2472,2472,caucasian,
2474,2474,caucasian,
2478,2478,other,
2480,2480,caucasian,
2510,2510,caucasian,
2518,2518,caucasian,
2520,2520,other,
2521,2521,other,
2522,2522,caucasian,
2524,2524,afro_american,
2525,2525,caucasian,
2526,2526,caucasian,
2533,2533,caucasian,
2534,2534,caucasian,
2535,2535,afro_american,
2536,2536,caucasian,
2540,2540,caucasian,
2542,2542,other,
2547,2547,caucasian,
2550,2550,caucasian,
2551,2551,caucasian,
2552,2552,caucasian,
2553,2553,caucasian,
2554,2554,caucasian,
2557,2557,caucasian,
2559,2559,caucasian,
2566,2566,caucasian,
2567,2567,other,
2571,2571,caucasian,
2573,2573,caucasian,
2575,2575,caucasian,
2576,2576,caucasian,
2578,2578,asian,
2581,2581,caucasian,
2585,2585,caucasian,
2587,2587,caucasian,
2588,2588,other,
2590,2590,caucasian,
2593,2593,caucasian,
2595,2595,caucasian,
2601,2601,caucasian,
2610,2610,caucasian,
2611,2611,caucasian,
2613,2613,other,
2615,2615,caucasian,
2617,2617,caucasian,
2619,2619,afro_american,
2622,2622,caucasian,
2629,2629,other,
2632,2632,caucasian,
2634,2634,caucasian,
2649,2649,caucasian,
2650,2650,caucasian,
2663,2663,caucasian,
2666,2666,caucasian,
2669,2669,caucasian,
2673,2673,other,
2681,2681,caucasian,
2689,2689,caucasian,
2690,2690,caucasian,
2700,2700,caucasian,
2705,2705,caucasian,
2709,2709,caucasian,
2713,2713,caucasian,
2718,2718,asian,
2721,2721,caucasian,
2722,2722,caucasian,
2723,2723,caucasian,
2725,2725,caucasian,
2729,2729,other,
2730,2730,caucasian,
2731,2731,asian,
2732,2732,caucasian,
2734,2734,other,
2736,2736,afro_american,
2737,2737,caucasian,
2739,2739,caucasian,
2740,2740,asian,
2741,2741,caucasian,
2749,2749,caucasian,
2755,2755,caucasian,
2756,2756,caucasian,
2758,2758,caucasian,
2760,2760,caucasian,
2761,2761,caucasian,
2762,2762,caucasian,
2763,2763,caucasian,
2764,2764,asian,
2765,2765,caucasian,
2772,2772,caucasian,
2773,2773,caucasian,
2774,2774,caucasian,
2776,2776,other,
2780,2780,caucasian,
2781,2781,caucasian,
2785,2785,caucasian,
2797,2797,other,
2805,2805,afro_american,
2818,2818,asian,
2819,2819,afro_american,
2827,2827,caucasian,
2829,2829,caucasian,
2832,2832,caucasian,
2833,2833,caucasian,
2837,2837,caucasian,
2840,2840,caucasian,
2841,2841,other,
2843,2843,caucasian,
2846,2846,caucasian,
2847,2847,caucasian,
2851,2851,other,
2852,2852,caucasian,
2854,2854,caucasian,
2857,2857,caucasian,
2868,2868,caucasian,
2869,2869,caucasian,
2872,2872,caucasian,
2873,2873,caucasian,
2874,2874,caucasian,
2876,2876,caucasian,
2877,2877,asian,
2878,2878,caucasian,
2879,2879,asian,
2880,2880,caucasian,
2882,2882,caucasian,
2883,2883,other,
2885,2885,caucasian,
2888,2888,caucasian,
2898,2898,caucasian,
2899,2899,caucasian,
2902,2902,caucasian,
2908,2908,caucasian,
2911,2911,caucasian,
2919,2919,asian,
2920,2920,caucasian,
2921,2921,caucasian,
2922,2922,caucasian,
2924,2924,caucasian,
2925,2925,caucasian,
2928,2928,caucasian,
2938,2938,asian,
2941,2941,caucasian,
2942,2942,caucasian,
2944,2944,asian,
2945,2945,caucasian,
2954,2954,caucasian,
2955,2955,caucasian,
2956,2956,caucasian,
2960,2960,asian,
2961,2961,caucasian,
2964,2964,caucasian,
2966,2966,caucasian,
2967,2967,asian,
2976,2976,caucasian,
2977,2977,caucasian,
2978,2978,other,
2979,2979,caucasian,
2980,2980,caucasian,
2984,2984,caucasian,
2985,2985,caucasian,
2986,2986,caucasian,
2987,2987,caucasian,
2988,2988,caucasian,
2989,2989,asian,
2991,2991,caucasian,
2997,2997,asian,
2998,2998,caucasian,
3003,3003,caucasian,
3004,3004,caucasian,
3006,3006,caucasian,
3007,3007,caucasian,
3009,3009,caucasian,
3011,3011,caucasian,
3012,3012,other,
3013,3013,asian,
3014,3014,asian,
3023,3023,afro_american,
3024,3024,caucasian,
3026,3026,caucasian,
3027,3027,other,
3037,3037,asian,
3039,3039,caucasian,
3042,3042,asian,
3043,3043,other,
3051,3051,caucasian,
3057,3057,afro_american,
3059,3059,afro_american,
3060,3060,caucasian,
3064,3064,other,
3065,3065,other,
3079,3079,asian,
3089,3089,caucasian,
3093,3093,other,
3102,3102,other,
3107,3107,asian,
3116,3116,caucasian,
3117,3117,caucasian,
3122,3122,caucasian,
3125,3125,caucasian,
3126,3126,caucasian,
3130,3130,caucasian,
3133,3133,caucasian,
3134,3134,caucasian,
3137,3137,caucasian,
3139,3139,caucasian,
3140,3140,caucasian,
3160,3160,afro_american,
3163,3163,caucasian,
3172,3172,caucasian,
3174,3174,caucasian,
3177,3177,caucasian,
3178,3178,caucasian,
3179,3179,caucasian,
3180,3180,caucasian,
3183,3183,caucasian,
3185,3185,caucasian,
3188,3188,caucasian,
3189,3189,afro_american,
3190,3190,caucasian,
3192,3192,other,
3193,3193,caucasian,
3197,3197,asian,
3199,3199,caucasian,
3200,3200,caucasian,
3202,3202,afro_american,
3205,3205,caucasian,
3206,3206,caucasian,
3211,3211,other,
3212,3212,caucasian,
3214,3214,caucasian,
3216,3216,caucasian,
3218,3218,asian,
3219,3219,caucasian,
3222,3222,caucasian,
3223,3223,caucasian,
3224,3224,caucasian,
3225,3225,caucasian,
3231,3231,caucasian,
3232,3232,caucasian,
3239,3239,caucasian,
3246,3246,caucasian,
3247,3247,caucasian,
3248,3248,caucasian,
3251,3251,caucasian,
3253,3253,caucasian,
3255,3255,caucasian,
3258,3258,caucasian,
3259,3259,caucasian,
3263,3263,caucasian,
3265,3265,caucasian,
3266,3266,caucasian,
3270,3270,caucasian,
3273,3273,caucasian,
3275,3275,caucasian,
3277,3277,caucasian,
3278,3278,caucasian,
3282,3282,afro_american,
3283,3283,caucasian,
3302,3302,caucasian,
3303,3303,caucasian,
3304,3304,caucasian,
3307,3307,caucasian,
3312,3312,other,
3314,3314,caucasian,
3315,3315,caucasian,
3324,3324,caucasian,
3326,3326,caucasian,
3327,3327,caucasian,
3328,3328,caucasian,
3332,3332,asian,
3336,3336,caucasian,
3340,3340,caucasian,
3342,3342,caucasian,
3343,3343,caucasian,
3344,3344,caucasian,
3348,3348,caucasian,
3349,3349,caucasian,
3351,3351,caucasian,
3352,3352,caucasian,
3354,3354,caucasian,
3358,3358,caucasian,
3359,3359,caucasian,
3360,3360,caucasian,
3361,3361,caucasian,
3366,3366,caucasian,
3367,3367,caucasian,
3371,3371,caucasian,
3374,3374,caucasian,
3375,3375,caucasian,
3377,3377,caucasian,
3378,3378,caucasian,
3379,3379,afro_american,
3380,3380,caucasian,
3381,3381,other,
3382,3382,caucasian,
3384,3384,afro_american,
3389,3389,caucasian,
3397,3397,caucasian,
3403,3403,caucasian,
3404,3404,asian,
3406,3406,caucasian,
3412,3412,afro_american,
3413,3413,asian,
3425,3425,caucasian,
3431,3431,caucasian,
3432,3432,caucasian,
3435,3435,caucasian,
3442,3442,caucasian,
3450,3450,asian,
3451,3451,caucasian,
3453,3453,caucasian,
3454,3454,asian,
3456,3456,asian,
3463,3463,afro_american,
3465,3465,caucasian,
3466,3466,other,
3467,3467,caucasian,
3469,3469,caucasian,
3473,3473,caucasian,
3474,3474,caucasian,
3491,3491,caucasian,
3492,3492,caucasian,
3495,3495,asian,
3498,3498,afro_american,
3501,3501,caucasian,
3502,3502,other,
3523,3523,caucasian,